id,completed,first_name,last_name,gender,dob,educ,marit,start,jtype,whours,salary,overall,q1,q2,q3,q4,q5,q6,q7,q8,q9
1,01/20/2017 11:37:28,Kevin,Garcia,1,10/03/1993,0,2,05/07/2016,1,28.25,1653.09,7,3,4,5,9,6,0,6,3,7
2,01/21/2017 06:30:03,Ayden,Carter,1,10/31/1996,4,1,10/27/2026,1,0,1734.43,6,3,3,4,6,8,6,7,5,4
3,01/21/2017 16:35:48,Madelyn,Williams,0,12/13/1985,5,2,11/07/2008,1,22.75,1513,5,8,3,4,7,3,4,3,6,8
4,01/21/2017 17:37:33,Madelyn,Baker,0,06/10/1988,1,2,02/21/2011,6,27.25,1967.01,6,3,11,3,6,7,4,5,7,6
5,01/22/2017 12:04:23,Tristan,Hernandez,1,12/23/1995,3,2,03/01/2016,1,0,1312.77,11,8,5,7,7,3,5,6,6,9
6,01/22/2017 13:05:01,Isaac,Mitchell,1,04/19/1996,6,2,12/08/2016,2,43.75,3556.53,7,4,3,6,6,6,0,5,7,4
7,01/22/2017 15:44:23,Victoria,Carter,0,04/24/1989,2,2,06/09/2016,1,28.5,1749,6,2,1,6,8,3,4,4,3,8
8,01/23/2017 08:58:32,Christopher,Taylor,1,11/30/1983,4,2,04/20/2005,3,36.92307692307692,8204,6,7,8,8,5,7,7,5,3,4
9,01/23/2017 13:37:00,Caroline,Taylor,0,08/22/1981,3,1,11/13/2005,3,35.25,3400,6,6,3,2,9,5,7,5,2,4
10,01/23/2017 15:11:51,Daniel,Clark,1,03/30/1995,3,3,12/24/2016,1,28.5,1645.93,11,3,1,1,6,3,3,5,3,5
11,01/23/2017 15:41:43,Samuel,Perez,1,03/09/1980,5,2,03/11/2012,4,49,18370,8,6,11,3,9,4,4,6,6,5
12,01/23/2017 16:02:12,Henry,Thomas,1,01/09/1992,4,1,02/10/2014,3,43.25,7045.52,7,9,7,5,8,3,4,3,5,6
13,01/23/2017 16:57:29,Brianna,Nelson,0,01/22/1992,3,1,03/01/2012,3,39,9628.9,7,0,6,2,8,7,5,6,4,7
14,01/24/2017 09:38:08,Ayden,Scott,1,03/24/1986,4,1,11/15/2009,3,33,3159.93,7,8,8,4,8,6,7,5,4,9
15,01/24/2017 15:01:12,Avery,Moore,0,12/06/1988,2,1,05/14/2014,2,33.5,3015.38,7,8,7,5,9,11,6,5,3,7
16,01/24/2017 21:30:59,Evan,Young,1,09/11/1992,4,2,08/11/2016,1,33.25,2087,6,3,2,4,5,7,5,7,4,4
17,01/25/2017 11:29:10,Gianna,Green,0,10/06/1986,4,1,07/26/2016,2,27.75,2658.71,5,5,6,6,7,5,6,4,2,3
18,01/25/2017 11:36:51,Gabriella,Carter,0,07/04/1990,3467,1,12/15/2014,2,33,4432.8,7,10,8,4,11,5,5,8,6,5
19,01/25/2017 16:07:27,Chloe,Clark,0,09/14/1995,4,1,12/12/2015,1,41.53846153846154,1511.33,6,3,4,4,5,6,6,5,5,7
20,01/25/2017 16:41:13,Gianna,Jones,0,05/13/1992,4,3,10/09/2013,6,26.25,1417,6,4,1,3,6,4,5,6,5,4
21,01/25/2017 17:14:21,Claire,King,0,02/26/1988,3,3,07/22/2011,1,27,1846.65,0,0,0,0,0,0,0,3,0, 
22,01/25/2017 20:01:05,Hailey,Collins,0,10/24/1995,3,1,03/21/2045,1,29.5,2031.12,6,7,6,2,6,5,6,6,5,3
23,01/26/2017 05:36:12,Isaac,Adams,1,03/16/1981,5,2,04/17/2008,2,31.75,3051,6,7,5,2,8,6,8,5,3,7
24,01/26/2017 08:21:35,Alexa,Campbell,0,02/25/1959,6,3,03/07/1983,3,24.25,5849.41,7,6,4,5,9,7,7,7,4,10
25,01/26/2017 08:47:30,Wyatt,Martinez,1,03/13/1972,5,4,12/09/2012,3,32,3726.26,6,3,2,4,10,5,6,8,4,5
26,01/26/2017 12:43:18,Harper,Roberts,0,02/05/1993,3,3,11/27/2014,1,21.5,1264.16,5,5,5,5,6,4,7,6,4,6
27,01/26/2017 13:45:03,Hailey,Edwards,0,12/08/1991,4,2,09/10/2016,1,30.25,2239.02,6,7,4,2,9,0,3,4,4,10
28,01/26/2017 14:54:21,Joshua,Smith,1,11/17/1980,3,3,11/09/2004,1,30.5,1997.71,5,7,6,2,7,5,6,3,2,5
29,01/26/2017 15:29:28,Ellie,Anderson,0,12/30/1988,3,1,01/17/2015,1,26,1596.62,5,3,1,4,6,3,3,2,3,6
30,01/26/2017 18:25:41,Stella,Miller,0,06/30/1975,4,2,08/26/2004,1,29.25,1954.25,5,4,3,11,7,3,3,5,1,7
31,01/26/2017 19:06:46,Ryan,Davis,1,10/05/1977,3,3,03/22/2014,2,36,3661,5,6,4,6,6,5,5,6,2,7
32,01/27/2017 10:53:40,Avery,Carter,0,01/17/1980,4,1,02/13/2011,1,20,1332,7,5,6,6,9,2,4,2,6,9
33,01/27/2017 12:30:01,Elizabeth,Nelson,0,03/06/1975,3,3,12/25/2016,2,28.25,2995.24,5,4,6,5,7,8,5,3,3,7
34,01/27/2017 12:35:38,Isaiah,Phillips,1,04/16/1987,3,2,07/25/2014,1,30.5,2028,5,5,5,6,4,4,3,4,5,4
35,01/27/2017 12:53:15,Savannah,Brown,0,08/05/1976,5,2,12/19/2006,1,19.5,1437,7,7,7,3,8,8,7,7,0,6
36,01/27/2017 13:12:27,Hudson,Collins,1,05/06/1986,5,1,02/17/2013,1,28.75,1764.34,7,5,6,2,6,7,5,3,4,8
37,01/27/2017 14:11:17,Jackson,Roberts,1,11/21/1988,5,2,09/14/2013,1,35.25,2102.98,6,5,5,4,10,8,3,3,5,7
38,01/27/2017 15:10:33,Jace,White,1,10/11/1995,4,1,02/18/2016,2,33.75,3531.51,0,6,3,2,6,6,2,5,6,5
39,01/27/2017 15:31:41,Piper,Young,0,02/16/1990,4,1,10/30/2013,1,33.25,2188.78,6,7,5,5,7,4,4,5,3,7
40,01/27/2017 16:00:47,Liam,Scott,1,04/24/1982,4,3,06/24/2009,2,26.5,2335.04,5,8,3,6,7,8,3,6,3,8
41,01/27/2017 16:21:30,Camden,Edwards,1,08/21/1994,4,3,06/15/2016,1,29,1510.8,6,5,4,5,4,6,8,7,4,5
42,01/27/2017 20:17:28,Easton,Harris,1,04/12/1982,5,1,07/09/2009,1,27,1534.6,7,7,5,8,7,6,4,8,5,7
43,01/28/2017 09:43:34,Mason,Martin,1,09/02/1978,5,2,08/02/2007,2,31.75,3190.69,7,9,3,3,9,11,6,6,4,8
44,01/28/2017 10:38:44,Brayden,Rodriguez,1,01/03/1980,5,4,12/21/2008,2,32.25,3972,7,5,4,7,8,5,7,6,8,8
45,01/28/2017 11:21:11,Jocelyn,Collins,0,06/12/1967,3,2,03/02/1990,1,26.75,1867.21,6,3,1,4,6,5,4,4,3,8
46,01/28/2017 13:52:07,London,Clark,0,04/26/1991,4,2,06/08/2016,1,24.5,1490.78,6,8,5,3,7,4,7,6,11,9
47,01/28/2017 14:04:49,Aubree,Lopez,0,11/16/1988,5,2,10/20/2011,3,42,5058,6,3,5,5,9,4,6,5,2,5
48,01/28/2017 16:52:27,Aubrey,Wright,0,10/07/1983,4,1,10/19/2010,2,41.25,4215.13,6,5,3,4,6,3,2,2,2,7
49,01/28/2017 17:15:58,Jacob,Martinez,1,09/09/1986,2,5,01/17/2014,1,28.25,1827,5,2,1,3,6,5,5,3,2,8
50,01/29/2017 09:05:56,Gabriel,Young,1,06/24/1995,5,2,12/15/2015,1,31.75,1888.07,7,9,6,2,7,3,3,6,1,8
51,01/29/2017 09:06:40,Zoey,Clark,0,12/27/1977,3,2,06/29/2007,1,24,1611,5,10,6,4,8,2,4,4,5,10
52,01/29/2017 09:07:50,Nevaeh,Brown,0,06/12/1967,5,3,01/27/1995,2,32.5,3125,7,10,3,5,9,6,7,6,3,10
53,01/29/2017 09:39:34,Serenity,Scott,0,04/25/1989,2,5,07/15/2012,1,21.5,1317.89,0,7,4,4,10,6,8,5,3,10
54,01/29/2017 10:08:43,Joseph,Harris,1,07/11/1978,0,4,01/29/2006,1,34,2420.86,7,7,7,6,9,6,5,5,8,5
55,01/29/2017 10:20:15,Alexander,Jones,1,08/07/1989,4,1,06/23/2013,1,29.5,1693,5,6,4,4,7,4,4,6,4,6
56,01/29/2017 11:28:17,Grace,Lee,0,08/02/1984,5,1,05/04/2016,1,20.75,1332,6,8,4,4,8,3,8,4,1,9
57,01/29/2017 12:27:42,Annabelle,Turner,0,04/06/1996,3,2,07/26/2013,1,28.25,1662.74,6,9,4,5,9,6,5,6,5,7
58,01/29/2017 12:30:04,Henry,Martinez,1,10/26/1983,3,1,02/26/2005,3,45.25,6519.31,7,3,0,6,10,6,6,6,2,8
59,01/29/2017 12:50:45,Harper,Martin,0,12/28/1979,3,3,06/24/2007,1,28.25,2045.91,6,2,2,4,6,3,0,6,5,11
60,01/29/2017 13:06:11,Landon,Wright,1,06/23/1988,4,1,06/30/2014,3,36.75,4987.6,6,0,4,2,7,8,6,6,3,7
61,01/29/2017 13:11:36,Grace,Wilson,0,07/05/1983,5,2,01/02/2014,4,45.25,13401.06,6,5,4,6,10,7,10,9,4,8
62,01/29/2017 13:27:11,Sydney,Turner,0,02/11/1974,4,2,08/17/1999,2,20.75,2065,7,6,5,7,9,6,7,7,5,10
63,01/29/2017 13:29:46,Nathan,Wilson,1,02/20/1986,6,3,12/08/2011,3,41.25,3578,6,4,2,4,6,5,3,4,8,8
64,01/29/2017 15:22:04,Carson,Martinez,1,05/27/1992,5,1,06/05/2016,1,30.25,1710.19,5,5,3,3,7,4,4,3,6,3
65,01/29/2017 15:31:47,Nicole,Williams,0,10/14/1980,3,2,11/05/2010,1,28.25,2030.32,8,8,10,0,8,5,3,6,6,10
66,01/29/2017 18:48:24,Piper,Lopez,0,03/10/1978,5,4,01/21/2011,2,27,3838.39,11,11,5,0,6,9,11,6,4,5
67,01/29/2017 20:11:03,Eva,Baker,0,06/30/1984,5,1,04/01/2008,2,33.75,3136,6,4,4,7,6,6,5,4,6,7
68,01/30/2017 09:43:25,Abigail,Gonzalez,0,05/17/1989,4,1,10/06/2014,1,32.5,2168,0,9,6,5,7,7,5,6,7,6
69,01/30/2017 11:30:56,Mackenzie,Young,0,11/23/1977,3,2,11/20/2009,1,27.75,1997,6,5,1,5,7,4,3,4,6,4
70,01/30/2017 11:36:02,Logan,Evans,1,12/22/1979,3,3,08/25/2001,1,23.75,1477,7,5,5,6,8,9,9,6,7,7
71,01/30/2017 11:40:53,Sofia,Green,0,03/10/1972,4,2,06/19/1996,3,24.25,4198,7,8,10,7,7,5,8,4,5,7
72,01/30/2017 12:11:55,Grayson,Parker,1,12/25/1962,5,3,04/10/1996,3,28.25,3719.74,7,6,7,4,5,8,10,7,5,8
73,01/30/2017 12:33:34,Evelyn,Brown,0,02/16/1970,4,2,12/18/1998,3,29.5,4821.91,8,7,8,8,10,5,4,3,8,6
74,01/30/2017 13:00:12,Chloe,Anderson,0,09/10/1995,3,3,12/01/2015,1,25.75,1376,7,5,2,2,7,11,3,6,4,5
75,01/30/2017 13:05:30,Jaxson,Campbell,1,04/07/1993,5,1,10/23/2015,4,48.5,19711.67,6,8,6,0,7,7,8,11,3,6
76,01/30/2017 13:08:03,Zachary,Martin,1,11/03/1976,5,1,10/30/2005,3,40.75,8167.47,6,7,5,6,7,4,0,2,4,5
77,01/30/2017 14:02:04,Angel,Jones,1,05/13/1986,4,3,08/02/2015,1,29,1846,5,4,1,0,6,4,4,3,6,4
78,01/30/2017 14:56:08,Mia,Scott,0,07/16/1982,3,2,10/02/2008,1,27.75,1845.82,6,5,2,5,8,9,8,10,7,10
79,01/30/2017 15:17:33,Morgan,Nelson,0,07/21/1978,6,3,04/30/2016,3,40.5,6078.78,8,6,8,6,6,6,7,5,7,6
80,01/30/2017 16:30:54,Dominic,Perez,1,10/20/1961,5,3,04/20/1993,4,40.25,16944.25,7,7,5,2,10,5,7,0,6,8
81,01/30/2017 16:38:29,Hailey,Smith,0,07/04/1975,3,4,04/30/2004,1,23,1607.29,5,4,1,2,4,6,7,5,0,7
82,01/30/2017 16:52:37,Blake,King,1,06/01/1979,4,1,05/21/2015,2,30,3581.37,7,9,9,6,9,8,7,6,4,6
83,01/30/2017 17:27:43,Angel,King,1,09/23/1978,2,2,07/18/2006,1,30.5,2155,6,5,4,7,8,6,3,7,4,4
84,01/30/2017 17:34:31,Arianna,Roberts,0,04/01/1978,3,2,11/19/2004,1,15,1094.43,7,3,3,4,7,6,2,5,7,8
85,01/31/2017 07:22:04,Evan,Jones,1,02/01/1991,0,1,03/15/2013,1,34.25,1932,6,5,4,5,11,6,6,5,5,9
86,01/31/2017 08:00:21,Sadie,Turner,0,07/12/1965,4,3,04/05/1987,1,17.75,1410.64,7,7,4,7,10,6,6,5,7,6
87,01/31/2017 08:19:22,Brooklyn,Nelson,0,09/26/1985,5,1,11/25/2015,1,23.75,1579.49,7,8,9,2,10,3,4,5,4,8
88,01/31/2017 08:34:18,Avery,Green,0,11/13/1986,4,2,05/21/2013,1,22.75,1507,6,11,4,3,6,3,5,6,2,9
89,01/31/2017 09:21:28,Lily,Edwards,0,07/17/1993,3,1,07/31/2014,1,25,1408.38,0,0,0,5,0,0,0,6,7, 
90,01/31/2017 09:27:29,Ella,Baker,0,06/02/1990,5,3,04/05/2013,2,33.75,3446,5,4,5,3,6,5,5,3,1,6
91,01/31/2017 10:08:29,Sophia,Perez,0,01/10/1990,4,3,12/05/2016,1,26.5,1704.21,8,4,8,7,8,6,7,8,5,7
92,01/31/2017 11:27:28,Alexander,Robinson,1,10/13/1974,5,3,04/15/2002,3,27.75,6100.88,7,10,5,7,8,8,6,7,7,8
93,01/31/2017 11:29:37,Faith,Smith,0,07/17/1979,3,1,01/27/2001,1,0,1775.83,7,7,6,6,8,4,6,7,4,4
94,01/31/2017 11:51:08,Gabriella,Young,0,10/20/1995,3,2,01/14/2016,2,33.75,3629.47,7,5,5,4,7,6,5,6,0,9
95,01/31/2017 12:34:07,Camila,Johnson,0,03/17/1973,5,3,11/01/2012,3,33.5,4977.71,7,8,6,5,0,0,6,5,4,8
96,01/31/2017 12:44:13,Joseph,Gonzalez,1,03/04/1977,5,3,05/16/1998,2,33.75,2939,7,7,11,6,10,8,10,5,5,7
97,01/31/2017 13:09:07,Harper,Garcia,0,09/11/1978,4,1,04/13/2010,1,23.75,1765,8,9,8,6,9,10,5,7,6,9
98,01/31/2017 13:13:27,Jocelyn,Evans,0,01/22/1980,6,2,02/16/2004,3,38,5764.59,8,3,5,5,7,5,5,6,9,9
99,01/31/2017 13:16:55,Gabriel,Green,1,01/11/1977,5,1,01/19/2005,2,28.75,2848,5,5,4,3,7,7,11,11,3,5
100,01/31/2017 13:22:44,Ethan,Harris,1,11/28/1982,3,1,05/01/2015,1,27.5,1795.06,7,0,8,6,10,4,7,5,4,10
101,01/31/2017 13:37:05,Allison,Evans,0,01/13/1971,5,2,04/01/1992,3,30.75,4282,8,9,7,7,9,5,5,6,5,8
102,01/31/2017 13:42:22,Zoe,Young,0,12/26/1993,3,1,05/26/2015,2,35.5,3690.74,7,2,0,2,6,7,6,5,5,6
103,01/31/2017 14:03:54,Kayden,Jackson,1,01/02/1989,4,1,09/14/2013,1,33.25,2121.91,6,5,3,4,5,9,6,5,7,4
104,01/31/2017 14:40:09,Amelia,Anderson,0,06/07/1987,5,3,10/08/2014,2,34.5,3342,0,0,6,6,5,5,4,7,2,7
105,01/31/2017 15:29:38,Oliver,Brown,1,04/15/1973,6,1,08/16/1995,2,27.5,3275.69,0,7,7,5,8,2,5,6,4,8
106,01/31/2017 15:40:55,Lily,Edwards,0,03/20/1950,4,4,12/26/1977,2,30.5,3884.97,7,9,6,4,6,6,8,6,4,6
107,01/31/2017 17:08:25,Luke,Walker,1,11/13/1995,4,1,06/02/2016,1,34.5,1975,6,7,5,2,11,7,7,5,11,4
108,01/31/2017 17:35:15,Layla,Jackson,0,07/29/1984,3,2,12/29/2015,2,25,2669,6,6,6,2,6,7,5,6,4,4
109,01/31/2017 17:48:50,Benjamin,King,1,12/13/1986,4,2,06/02/2008,1,22,1512.71,6,4,2,3,8,5,5,7,6,5
110,01/31/2017 18:32:24,Jacob,Scott,1,03/25/1972,6,2,08/04/1995,3,40.25,7388.03,7,6,5,5,6,4,4,3,5,7
111,01/31/2017 18:47:19,Faith,Robinson,0,09/02/1978,4,2,10/14/2000,1,29,1855,5,4,5,4,7,6,7,7,5,10
112,01/31/2017 19:19:44,Khloe,Gonzalez,0,12/02/1988,4,1,01/15/2015,2,31.75,2463,9,5,7,6,7,0,10,8,9,11
113,02/01/2017 09:54:06,Kylie,Lewis,0,12/18/1959,4,2,12/05/1989,4,34.5,10010.38,8,6,3,7,7,5,5,7,9,5
114,02/01/2017 10:07:27,Emily,Thompson,0,04/05/1971,3,1,09/27/1991,6,39,12828,7,7,7,5,10,8,6,7,6,9
115,02/01/2017 10:37:33,Genesis,Lewis,0,03/04/1967,2,2,09/01/2005,1,20.25,1616.36,7,6,2,6,10,0,8,7,5,6
116,02/01/2017 11:28:02,Madeline,Williams,0,01/17/1966,5,2,08/28/2014,6,25.25,3052.7,7,3,3,4,8,5,4,4,3,4
117,02/01/2017 11:45:57,Jose,Johnson,1,09/14/1988,4,2,07/29/2014,2,33.75,2062.88,6,2,2,4,6,6,3,7,4,5
118,02/01/2017 11:50:08,Juan,Martin,0,03/20/1980,4,2,04/29/2001,1,28.25,2014.66,7,9,6,4,9,4,3,5,5,7
119,02/01/2017 11:52:18,Michael,King,1,04/22/1985,4,1,01/31/2014,2,37.5,3240.8,0,8,6,6,5,4,7,6,5,6
120,02/01/2017 12:42:42,Madeline,Walker,0,01/15/1970,3,1,11/23/2012,1,24.25,1865.25,6,5,5,5,6,6,6,4,4,6
121,02/01/2017 13:02:54,Thomas,Davis,1,05/28/1983,5,1,09/16/2010,1,36.25,2125,7,4,6,5,9,5,7,10,7,5
122,02/01/2017 13:09:01,Skylar,Perez,0,12/26/1967,2,2,10/06/2008,2,27,1000000,7,6,7,4,10,9,5,5,5,10
123,02/01/2017 13:39:26,Penelope,Baker,0,09/02/1985,3,2,01/29/2016,1,29.75,1927.09,0,2,0,7,5,3,3,11,4,3
124,02/01/2017 14:00:53,Skylar,Brown,0,11/25/1962,5,2,01/07/2001,2,16.5,2024.88,7,7,5,4,8,6,9,9,7,5
125,02/01/2017 14:07:51,Colton,Lewis,1,12/10/1983,5,1,11/30/2014,1,33.5,1899.61,7,5,4,7,9,8,8,6,6,10
126,02/01/2017 14:52:35,Sofia,Hall,0,11/21/1973,4,2,04/27/2005,1,24,1818.76,7,6,4,7,9,8,9,11,5,9
127,02/01/2017 14:53:58,Mia,Walker,0,07/22/1981,4,1,12/29/2003,1,23.5,1525.2,7,6,8,8,9,2,5,4,6,7
128,02/01/2017 14:57:12,Violet,Roberts,0,04/17/1964,5,3,10/27/2002,2,16.5,2135,8,10,11,6,9,7,6,5,8,8
129,02/01/2017 15:10:42,Joshua,Hernandez,1,09/04/1992,5,3,10/07/2015,2,37.5,2311,7,3,2,4,6,8,11,7,8,9
130,02/01/2017 15:43:20,Isabella,Scott,0,05/13/1984,4,2,02/01/2010,1,0,1460.06,7,8,10,5,10,7,7,4,2,8
131,02/01/2017 15:51:35,Arianna,Walker,0,10/20/1979,4,3,01/07/2005,1,28.5,1729.27,8,11,7,5,0,6,4,9,6,6
132,02/01/2017 15:52:13,Dylan,Johnson,1,05/14/1986,2,1,05/19/2015,1,33,2013,0,3,4,2,8,5,0,7,2,5
133,02/01/2017 15:52:16,Katherine,Jones,0,01/25/1981,3,2,02/09/2014,1,20,1414,6,4,5,1,6,6,6,8,3,5
134,02/01/2017 15:55:51,Joseph,Hill,1,08/30/1992,4,1,07/24/2013,3,40.25,0,7,5,5,7,8,4,9,5,4,9
135,02/01/2017 16:02:39,Jose,Anderson,1,01/13/1986,6,1,01/21/2012,2,39,3875,8,10,10,7,7,5,5,6,4,8
136,02/01/2017 17:04:42,Bella,Smith,0,10/05/1972,4,3,08/11/1999,2,25.75,2174.5,7,2,4,0,10,6,8,5,7,7
137,02/01/2017 17:05:49,Justin,Rodriguez,1,04/05/1983,4,1,03/24/2006,1,31.75,1879,6,4,3,7,10,4,4,5,6,5
138,02/01/2017 17:39:53,Isaac,Evans,1,04/19/1977,2,1,05/14/2003,1,21.75,1440.76,6,6,5,4,9,5,8,8,4,7
139,02/01/2017 17:48:06,Serenity,Edwards,0,06/09/1983,3,1,09/08/2009,1,34.5,2382,6,5,2,6,11,7,8,7,4,5
140,02/01/2017 18:01:43,Samantha,Hill,0,04/01/1964,6,4,05/21/1986,1,25.25,2063.47,7,6,6,4,8,11,4,7,4,7
141,02/01/2017 18:09:42,Josiah,Gonzalez,1,03/20/1981,3,1,09/25/2014,1,30,2263,6,6,8,6,8,4,3,5,4,6
142,02/01/2017 19:57:31,Addison,Anderson,0,02/23/1989,5,1,08/10/2010,3,33,5717.78,7,7,7,7,5,8,8,8,9,7
143,02/01/2017 20:13:05,Ian,Phillips,1,12/18/1981,4,3,11/25/2009,1,28.75,1840,7,4,3,5,6,9,9,9,5,7
144,02/02/2017 04:54:59,Sebastian,Nelson,1,02/25/1992,4,3,10/30/2012,6,33.75,1774.5,7,5,2,4,11,3,3,5,4,11
145,02/02/2017 07:16:01,Mia,Adams,0,03/13/1982,1,2,04/21/2009,1,21.5,1578,6,7,8,3,7,2,2,5,3,8
146,02/02/2017 09:31:39,Lauren,Evans,0,02/18/1970,7,4,01/18/1997,4,36,8900.76,7,8,5,5,6,6,9,5,8,8
147,02/02/2017 11:16:28,Leah,Jones,0,01/28/1985,4,5,08/14/2014,6,36.75,6486.08,6,6,4,2,5,6,5,6,5,8
148,02/02/2017 11:41:17,Tristan,Phillips,1,09/03/1995,4,1,07/29/2019,1,31,1908,7,5,2,5,6,7,7,5,4,7
149,02/02/2017 11:56:11,Nathaniel,Thomas,1,05/08/1978,4,3,01/21/2016,4,41.5,13367.54,8,7,5,4,10,7,5,10,6,7
150,02/02/2017 11:57:23,Eli,Jackson,1,07/18/1994,4,2,09/26/2014,6,34.5,1835.25,6,4,3,7,7,4,3,2,5,6
151,02/02/2017 13:18:48,Gianna,Thompson,0,02/09/1972,4,2,01/05/2010,1,20,1601.35,6,10,7,4,6,6,9,9,4,5
152,02/02/2017 13:26:58,Lucas,Allen,1,11/06/1990,5,1,10/04/2016,2,34.25,2863.37,7,7,4,6,9,4,5,5,3,6
153,02/02/2017 13:37:41,Harper,Lewis,0,07/05/1984,3,2,03/20/2016,1,25.25,1841.26,8,4,5,4,10,8,8,10,8,8
154,02/02/2017 14:15:14,Evelyn,Phillips,0,08/31/1978,3,2,11/25/2015,2,31.25,3657,6,5,3,5,8,7,6,4,7,7
155,02/02/2017 14:36:31,Sadie,Clark,0,12/11/1975,2,2,07/18/2011,1,21,1526.43,6,9,5,3,6,4,7,7,3,7
156,02/02/2017 14:41:00,David,Lopez,1,12/26/1985,4,2,10/19/2013,2,33.25,0,5,4,2,5,7,10,10,10,5,7
157,02/02/2017 15:06:39,Evan,Garcia,1,10/11/1975,5,2,03/16/2016,5,42.25,15440.64,5,3,3,5,7,5,7,5,3,4
158,02/02/2017 15:07:29,Aiden,Walker,1,09/14/1988,4,1,10/10/2015,2,39.25,3699,6,5,3,5,8,3,4,3,4,8
159,02/02/2017 16:44:55,Evelyn,Hill,0,09/28/1981,5,2,12/12/2010,6,28,3434,6,8,6,4,9,9,9,8,5,5
160,02/02/2017 16:51:58,Piper,Hall,0,01/25/1980,6,2,06/14/2016,2,27,2400.01,7,3,3,6,10,9,8,6,4,8
161,02/02/2017 18:08:16,Daniel,Collins,1,04/27/1969,3,2,10/22/1993,1,23,1571,5,4,5,3,9,2,7,4,2,6
162,02/02/2017 18:13:33,Sadie,Lopez,0,06/29/1989,3,1,01/23/2015,2,31.75,2622,5,8,6,5,8,3,5,5,3,6
163,02/02/2017 18:38:32,Nathan,Harris,1,05/15/1980,5,4,09/14/2005,1,27,1726.19,6,9,7,5,8,7,9,9,5,8
164,02/02/2017 18:47:14,Brody,Lee,1,04/23/1969,0,3,08/11/2000,4,42,13467.86,7,6,9,5,9,9,9,7,4,8
165,02/02/2017 18:57:50,Skylar,Johnson,0,03/15/1968,0,1,06/12/1994,3,31,5830.72,6,6,3,4,10,4,7,7,4,11
166,02/02/2017 20:37:02,Alexis,Rodriguez,0,08/26/1995,5,2,10/19/2016,2,33.25,2067.91,6,8,0,6,7,8,9,7,7,6
167,02/03/2017 06:54:43,Hunter,Wilson,1,12/10/1982,4,2,11/22/2011,5,45.5,21641,7,4,2,4,10,7,8,9,11,6
168,02/03/2017 10:08:15,Emily,Baker,0,11/20/1973,3,2,09/05/1995,4,0,18080.34,6,10,8,7,10,9,9,10,3, 
169,02/03/2017 11:00:03,Audrey,Rodriguez,0,01/01/1996,4,1,07/27/2016,1,32.5,2137,6,8,11,11,7,6,5,5,2,4
170,02/03/2017 11:17:33,Kylie,Nelson,0,02/28/1971,5,2,10/31/1992,2,28.25,2191,7,4,7,6,6,6,4,4,5,9
171,02/03/2017 11:32:07,Serenity,Collins,0,05/03/1985,4,1,04/16/2013,6,24.5,1610.87,5,4,5,4,7,2,4,6,3,10
172,02/03/2017 11:35:00,Khloe,Hill,0,08/07/1981,6,2,03/10/2002,1,27,1705,7,5,3,5,6,6,6,6,7,8
173,02/03/2017 11:39:27,Nora,Hernandez,0,07/08/1990,1,1,07/13/2016,1,26.5,1571.9,6,5,1,1,8,6,6,4,5,6
174,02/03/2017 12:38:08,Claire,Evans,0,03/31/1979,4,2,12/08/2009,2,27.25,3856.79,8,7,6,4,10,8,11,4,6,6
175,02/03/2017 13:04:29,Tyler,Johnson,1,01/30/1968,4,2,11/28/1991,2,37,4455.34,7,4,4,8,9,6,9,6,7,6
176,02/03/2017 13:16:07,Riley,Young,0,11/10/1982,4,3,08/03/2012,2,19.75,1585.38,8,10,5,5,10,7,8,4,8,7
177,02/03/2017 13:16:22,Madeline,Harris,0,01/22/1967,0,3,07/21/2001,4,35.75,16840,7,5,3,4,7,3,4,6,4,8
178,02/03/2017 13:32:58,Luis,Hall,1,03/04/1987,4,1,09/21/2009,2,29.75,2135,6,6,1,6,0,0,7,5,5,7
179,02/03/2017 13:52:54,Matthew,Miller,1,10/18/1986,4,2,08/10/2009,1,30.5,1984.92,7,3,2,7,0,4,5,4,8,7
180,02/03/2017 13:53:20,Luis,Davis,1,08/14/1988,5,1,05/01/2014,2,33.5,2948,6,9,2,4,6,0,5,5,5,6
181,02/03/2017 14:10:43,Kylie,Martin,0,02/20/1983,4,3,06/21/2008,1,22.5,1530.46,6,4,3,5,6,6,5,5,2,8
182,02/03/2017 14:30:33,Bella,Taylor,0,05/03/1995,3,1,08/01/2015,1,26,1474,6,4,2,4,9,4,4,4,5,7
183,02/03/2017 14:34:06,Alexandra,Hill,0,12/26/1993,4,3,10/02/2015,1,32.5,2062,6,8,7,4,8,3,4,3,4,5
184,02/03/2017 14:37:31,Ava,Baker,0,09/17/1987,4,1,06/16/2012,1,24.5,1469,8,5,2,5,10,4,0,5,7,6
185,02/03/2017 15:37:57,Jace,Parker,1,06/22/1973,5,3,08/26/2000,3,40.5,6304.67,8,5,6,8,9,10,9,10,7,4
186,02/03/2017 15:41:40,Alexander,Miller,1,04/07/1996,5,1,12/26/2016,1,36,1875.25,7,5,5,3,7,6,7,6,7,4
187,02/03/2017 16:09:55,Anthony,Collins,1,01/08/1981,5,2,12/09/2009,3,36.5,6049,11,8,5,6,10,7,4,6,0,10
188,02/03/2017 16:12:25,Austin,Johnson,1,07/03/1977,6,2,03/25/2001,2,39,3207,7,4,4,6,8,8,0,0,6,6
189,02/03/2017 16:12:55,Madeline,Young,0,03/03/1976,3,2,03/24/2001,1,30,2106.69,7,9,5,0,10,6,6,6,5,7
190,02/03/2017 16:46:14,Stella,Gonzalez,0,10/20/1990,4,1,06/19/2016,2,30.25,3177.03,6,4,2,3,5,3,5,5,2,5
191,02/03/2017 16:56:09,Madeline,Campbell,0,08/04/1985,7,2,03/11/2011,1,22.75,1621.2,8,5,5,6,9,5,6,7,6,9
192,02/03/2017 17:39:15,Alexa,Gonzalez,0,09/21/1976,3,3,08/06/2000,2,28.75,2070,5,8,5,3,8,4,4,6,1,10
193,02/03/2017 17:44:00,Christian,Anderson,1,07/04/1990,4,1,01/24/2016,1,34,2102.8,6,3,1,2,10,5,5,0,3,8
194,02/03/2017 17:46:24,Sophie,Jackson,0,09/07/1972,5,5,07/09/2000,4,48.25,10441,5,5,5,4,7,9,7,7,3,6
195,02/03/2017 18:00:50,Alyssa,Collins,0,08/06/1987,5,1,03/09/2013,6,30,2994.08,7,9,6,6,9,7,5,8,11,8
196,02/03/2017 18:04:45,Isabella,Collins,0,03/19/1972,4,3,01/28/2000,2,30.5,3239,6,7,8,6,7,6,4,7,3, 
197,02/03/2017 18:20:03,Xavier,Carter,1,12/10/1986,4,2,06/30/2011,2,35.75,3147.51,5,6,4,6,9,4,2,2,2,6
198,02/03/2017 19:17:56,Sophia,Lewis,0,12/30/1983,2,1,10/08/2006,1,24.5,1518.32,5,7,5,5,6,11,6,7,2,6
199,02/03/2017 19:54:07,Caleb,Perez,1,05/03/1970,6,2,04/09/1991,4,38,15545.22,8,5,4,9,9,9,8,8,7,6
200,02/04/2017 08:33:04,Ashley,Rodriguez,0,06/06/1952,3,4,08/13/1980,3,22,4900,6,6,4,4,10,0,5,4,3,9
201,02/04/2017 09:09:45,Charlotte,White,0,08/11/1975,5,4,05/12/1998,1,21.25,1500,7,6,6,5,9,6,5,8,5,7
202,02/04/2017 09:41:02,Ava,Lewis,0,04/18/1968,4,2,09/18/1996,2,26.5,2823.28,7,7,8,0,8,4,3,5,7,7
203,02/04/2017 10:03:53,Austin,Baker,1,07/02/1987,4,2,01/28/2011,2,31.5,3005,7,6,5,8,10,7,6,5,5,7
204,02/04/2017 10:17:09,Bella,King,0,12/22/1969,3,2,10/31/2004,1,21.75,1805,6,5,6,6,10,6,5,7,3,10
205,02/04/2017 10:47:18,Amelia,Clark,0,11/18/1969,4,2,03/09/2002,3,34.75,5888.3,7,2,11,3,9,8,8,9,2,7
206,02/04/2017 10:52:16,Naomi,Thomas,0,04/28/1956,3,1,08/30/1986,2,27.75,2368,7,4,5,7,6,5,4,9,5,4
207,02/04/2017 11:19:41,Jace,Wilson,1,01/26/1983,5,3,10/16/2008,1,31.5,2098.65,7,8,8,2,5,5,5,6,4,5
208,02/04/2017 11:56:04,William,Jackson,1,11/20/1971,4,2,03/27/2009,1,23,1543,7,7,7,6,7,7,8,8,5,10
209,02/04/2017 12:05:15,Harper,Lopez,0,10/26/1987,4,1,05/04/2015,3,34.25,6197,6,4,6,5,0,2,6,3,3,5
210,02/04/2017 12:32:46,Jase,Nelson,1,07/19/1973,5,1,07/23/2009,2,28.5,2680,5,2,2,7,5,5,4,4,6,8
211,02/04/2017 12:46:29,Genesis,King,0,03/03/1984,3,1,04/03/2014,1,36.92307692307692,1845,6,6,4,3,7,4,6,0,2,7
212,02/04/2017 12:49:37,Tyler,Martin,1,10/05/1984,5,4,08/11/2008,3,39.75,5090.38,5,7,3,6,8,8,5,6,4,5
213,02/04/2017 13:03:18,,,0,06/11/1983,2,1,05/20/2008,1,24.5,1613.97,6,9,7,5,8,3,2,2,4,10
214,02/04/2017 13:08:28,Anna,Brown,0,10/05/1977,4,2,01/20/2013,1,27.75,1776,6,0,3,5,8,6,5,5,5,6
215,02/04/2017 13:26:45,Ashley,Robinson,0,06/11/1991,4,1,01/31/2012,2,33.75,2512,6,5,6,4,4,7,8,6,6,11
216,02/04/2017 13:30:25,Stella,Anderson,0,08/27/1978,3,4,11/03/2003,1,27.25,1884.97,7,5,4,4,7,8,9,5,4,6
217,02/04/2017 13:33:36,Adam,Evans,1,12/05/1960,5,4,12/31/1987,3,36.75,8097,7,7,6,0,9,7,10,10,4,7
218,02/04/2017 13:38:04,Sofia,Miller,0,03/30/1961,0,4,01/16/1999,3,24.5,4149.47,8,6,7,3,10,5,5,6,5,7
219,02/04/2017 13:45:56,Olivia,Young,0,11/01/1981,4,1,02/23/2009,5,47.25,24747.49,6,8,6,8,6,10,10,10,5,7
220,02/04/2017 13:46:43,Jocelyn,Jones,0,06/27/1976,4,3,09/19/2003,2,21,1921,6,7,9,6,7,7,11,6,5,5
221,02/04/2017 14:08:09,Camden,Martinez,1,08/21/1968,4,1,02/11/1998,2,24.25,2629,8,4,8,7,9,9,10,9,10,10
222,02/04/2017 15:00:06,Nora,Gonzalez,0,09/23/1982,0,2,12/16/2005,1,24.5,1697,7,8,3,4,6,8,7,11,5,6
223,02/04/2017 15:20:28,Cooper,Campbell,1,03/29/1975,2,1,09/21/2004,1,30.25,1959,6,6,2,4,9,5,5,5,2,9
224,02/04/2017 15:44:18,Jonathan,Phillips,1,04/01/1977,4,3,12/23/2013,1,24.75,1682.02,11,4,5,2,8,6,4,3,4,5
225,02/04/2017 16:12:51,Anthony,Clark,1,08/07/1979,5,1,06/14/2013,1,31,2255.61,6,5,0,6,7,9,8,6,5,6
226,02/04/2017 16:27:44,Mason,Hernandez,1,07/17/1977,5,2,07/27/2003,2,36,3004.69,6,6,11,6,9,2,3,3,1,10
227,02/04/2017 16:33:16,Paisley,Brown,0,09/09/1979,5,2,09/09/2003,2,31.25,2624.08,7,10,8,7,8,6,5,5,6,8
228,02/04/2017 16:49:31,Paisley,Thompson,0,06/21/1961,4,3,03/12/1994,6,10.75,887,6,2,5,3,6,5,7,9,3,9
229,02/04/2017 17:10:37,Aubrey,Harris,0,09/25/1968,5,1,06/17/1994,4,39.25,10123,8,8,6,6,10,8,5,6,7,10
230,02/04/2017 17:32:44,Alexandra,Smith,0,10/09/1979,3,1,07/14/2003,1,26.25,1771,7,4,3,2,8,9,7,5,6,9
231,02/04/2017 17:38:38,Victoria,Jackson,0,11/27/1990,6,2,07/06/2011,2,23.5,1759,7,2,2,5,10,4,3,3,6,8
232,02/04/2017 17:54:34,Ruby,Edwards,0,06/30/1975,5,1,02/01/2005,2,25.75,3171.91,11,6,5,8,10,9,6,9,7,8
233,02/04/2017 17:58:40,Jose,Edwards,1,02/22/1979,0,2,05/27/2006,2,34.5,4018.08,0,0,5,0,0,0,0,8,0,9
234,02/04/2017 18:13:37,Elizabeth,Evans,0,07/03/1957,2,2,05/25/1990,2,22.75,2306.38,7,2,1,2,7,7,5,11,6,7
235,02/04/2017 19:04:36,Landon,King,1,01/25/1966,5,1,02/20/1994,1,19,1316.1,0,7,9,4,6,7,3,7,0,10
236,02/04/2017 19:24:27,Arianna,Nelson,0,12/30/1986,0,1,05/24/2009,3,40.75,8246.63,8,7,6,8,7,7,7,7,6,6
237,02/04/2017 19:48:25,Eva,Taylor,0,07/23/1988,6,2,08/21/2011,3,38.25,5839.85,7,7,6,4,5,7,7,8,6,6
238,02/04/2017 22:54:00,Zoe,Smith,0,07/02/1979,5,2,08/13/2015,3,39.25,11235,6,7,5,4,7,4,5,6,6,5
239,02/05/2017 05:36:00,Juan,Wilson,0,07/17/1994,2,2,11/03/2014,1,21.25,1283.05,8,3,4,7,8,6,6,5,8,8
240,02/05/2017 06:33:40,Owen,Evans,1,10/31/1976,5,2,09/09/2012,2,32,3040,6,3,2,4,7,6,8,5,3,8
241,02/05/2017 08:22:14,Morgan,Harris,0,03/19/1986,4,2,10/17/2010,2,29,3014,7,6,5,4,7,5,4,4,6,4
242,02/05/2017 09:38:53,Camila,Brown,0,02/08/1976,4,5,07/09/2005,3,31.25,7102.85,6,4,11,1,10,8,6,3,4,8
243,02/05/2017 09:46:22,Mason,Walker,1,08/14/1972,4,2,08/30/2008,3,38.25,6000.53,7,5,5,6,10,10,10,10,3,10
244,02/05/2017 10:42:59,Ian,Moore,1,12/18/1971,6,2,01/01/2008,3,33.25,7774.21,5,8,5,0,5,7,10,7,11,7
245,02/05/2017 10:45:08,Jordan,Parker,1,06/19/1965,4,2,11/08/1992,2,24.5,2002.9,7,6,4,6,9,4,4,8,4, 
246,02/05/2017 10:50:41,Nathaniel,Wright,1,09/13/1974,5,2,05/30/2000,3,35.5,6734.9,0,5,2,5,10,9,9,10,0,8
247,02/05/2017 11:14:12,Mackenzie,Gonzalez,0,06/24/1971,4,3,02/17/1999,1,26.25,1925.93,6,8,5,5,8,4,10,4,4,10
248,02/05/2017 11:33:08,Savannah,Evans,0,05/07/1964,4,3,09/22/1990,4,39,12543,8,9,7,4,9,7,5,10,7,9
249,02/05/2017 11:39:30,Oliver,Davis,1,11/06/1971,5,5,03/03/2004,1,26,1885,7,3,1,4,6,7,10,8,7,8
250,02/05/2017 12:45:21,Tristan,Martinez,1,05/10/1981,4,2,07/26/2016,1,0,1800,6,6,5,5,6,7,5,5,4,11
251,02/05/2017 12:58:03,Colton,Wright,1,11/18/1986,2,2,10/11/2010,3,33.75,5942,7,8,4,4,10,0,10,10,7,9
252,02/05/2017 13:03:28,Nicholas,Miller,1,05/11/1981,4,3,05/29/2007,3,43.25,7736.78,7,7,5,6,4,8,8,10,6,6
253,02/05/2017 13:51:32,Peyton,Thomas,0,06/02/1972,5,3,06/05/2009,2,27,3204,7,9,7,4,6,7,7,8,4,5
254,02/05/2017 14:33:54,Nora,Collins,0,10/26/1994,2,1,11/25/2015,1,34.75,2158.41,6,4,2,7,10,3,4,5,3,6
255,02/05/2017 14:52:23,Gabriella,Perez,0,03/01/1978,4,3,07/02/2008,6,29.25,2939.02,7,6,4,4,8,8,7,6,11,8
256,02/05/2017 15:03:26,Nathaniel,Jackson,1,04/12/1963,7,3,04/28/1998,3,37.25,5021.26,8,8,5,8,6,10,10,8,6,7
257,02/05/2017 15:28:14,Aaliyah,Brown,0,05/03/1981,4,1,03/31/2013,1,28.25,1888,7,5,4,5,9,9,5,5,7,6
258,02/05/2017 15:33:58,Jackson,Walker,1,08/29/1986,5,1,09/23/2014,2,37.75,2679,8,8,5,5,10,4,3,11,7,9
259,02/05/2017 15:35:45,Melanie,Gonzalez,0,11/15/1989,4,1,03/12/2014,1,23,1450.43,7,6,7,4,7,8,5,2,6,5
260,02/05/2017 15:46:24,Kennedy,Lewis,0,06/27/1977,3,1,09/17/2013,1,19.75,1540,5,0,4,6,5,5,5,4,4,4
261,02/05/2017 15:50:25,John,Williams,1,07/12/1974,5,2,11/29/1999,3,26.75,3940.53,6,9,9,4,6,3,3,2,3,6
262,02/05/2017 15:50:26,Landon,Gonzalez,1,07/17/1993,5,2,10/11/2015,1,34,2081.94,6,5,6,4,7,6,6,6,4,6
263,02/05/2017 15:57:06,Brandon,Campbell,1,12/01/1987,3,1,03/03/2009,1,35.25,2188.76,7,6,8,5,0,8,6,5,6,5
264,02/05/2017 16:09:35,Sophie,Parker,0,02/04/1986,4,1,05/08/2014,1,29.75,2169.36,7,5,3,11,6,4,2,7,6,7
265,02/05/2017 16:49:35,Joshua,Adams,1,07/04/1979,5,3,03/13/2014,1,31.75,2323.21,6,9,8,4,10,4,4,7,2,5
266,02/05/2017 17:21:40,Julia,Martin,0,10/15/1955,5,2,11/26/1983,3,30,5277.71,7,7,4,5,8,5,6,6,8,8
267,02/05/2017 17:58:01,Nora,Collins,0,12/24/1967,4,3,06/04/2005,2,31,3780.85,7,6,4,5,7,8,8,7,5,7
268,02/05/2017 18:59:02,Parker,Scott,1,04/12/1979,5,1,05/31/2002,1,28.5,1847,6,0,10,6,8,3,4,7,3,9
269,02/05/2017 20:52:50,Kayla,Miller,0,06/26/1972,4,1,03/06/2000,2,26,1802.38,7,8,5,11,10,9,10,8,6,8
270,02/06/2017 08:50:18,Isabella,Campbell,0,06/09/1984,5,1,04/21/2012,2,24.75,1971.85,7,6,5,4,10,2,2,2,6,7
271,02/06/2017 10:02:52,Benjamin,Hill,1,06/24/1991,5,2,10/11/2014,2,33.5,2571.06,6,3,6,5,5,5,5,5,3,6
272,02/06/2017 10:35:28,Gabriella,Phillips,0,10/04/1972,4,2,04/01/2013,1,23.25,1662,6,3,4,11,8,5,3,5,2,4
273,02/06/2017 10:38:44,Claire,Campbell,0,04/03/1963,6,3,08/12/1999,3,34.5,5152,7,6,6,7,10,5,4,9,6,8
274,02/06/2017 11:38:11,Alexis,Mitchell,0,09/14/1978,4,2,07/20/2010,2,19.5,1846.95,6,5,5,6,8,8,6,5,1,6
275,02/06/2017 12:12:49,Ariana,Lewis,0,08/08/1973,4,3,08/30/1996,2,32.25,3450.97,7,9,3,4,8,7,5,9,4,9
276,02/06/2017 12:19:26,Maya,Gonzalez,0,01/24/1982,4,1,09/09/2007,4,33.5,10557.82,6,5,3,4,7,4,7,5,4,10
277,02/06/2017 12:24:23,Anna,Adams,0,05/18/1969,3,2,06/22/1992,1,23,1845,7,2,2,5,9,7,7,8,6,5
278,02/06/2017 12:35:07,Zachary,Thomas,1,08/03/1966,5,2,03/24/1998,6,30.75,5322,8,6,7,8,9,8,9,10,7,9
279,02/06/2017 12:42:32,Violet,Johnson,0,01/14/1963,2,4,11/28/1989,1,14.75,1159,7,2,3,5,10,7,6,5,4,7
280,02/06/2017 12:55:51,Blake,Robinson,1,05/31/1968,1,3,04/21/2008,1,21.25,1384,6,5,3,4,8,4,6,0,4,6
281,02/06/2017 13:02:32,Violet,Scott,0,06/18/1970,5,2,08/14/2008,5,46.75,27005.49,8,6,5,8,10,7,8,6,9,9
282,02/06/2017 13:25:46,Khloe,Hall,0,11/06/1961,5,2,12/12/1998,5,36.75,27033.07,8,8,3,6,7,5,5,5,7,8
283,02/06/2017 13:29:44,Christopher,Campbell,1,07/22/1960,5,2,02/21/1981,2,31.25,3027.33,6,7,6,3,9,11,8,7,4,8
284,02/06/2017 13:30:52,Amelia,Hernandez,0,01/01/1978,5,1,05/26/2003,6,19.75,2107.66,7,5,11,7,9,3,4,4,5,8
285,02/06/2017 14:14:26,Alexandra,Wright,0,05/11/1996,0,1,09/01/2020,2,30.75,2762,6,9,7,5,6,4,6,4,4,6
286,02/06/2017 14:21:12,Alexis,Lopez,0,02/22/1967,6,3,09/27/1998,2,28,3312,6,7,2,1,7,6,6,11,5,5
287,02/06/2017 14:31:35,Christian,Allen,1,09/08/1974,5,4,02/21/2000,2,24.75,2290,7,4,4,5,8,7,4,6,5,9
288,02/06/2017 14:35:11,Ava,Johnson,0,09/07/1967,4,3,07/10/1992,2,30,3034,7,5,5,4,9,4,4,7,4,5
289,02/06/2017 14:36:07,Ella,Allen,0,07/04/1975,3,2,02/02/2009,1,24.5,1801,5,3,6,0,5,6,6,6,3,5
290,02/06/2017 14:36:18,Melanie,Wright,0,12/04/1968,6,3,03/02/2003,2,28.75,2767.34,7,7,6,6,8,7,7,7,3,8
291,02/06/2017 15:11:38,Jocelyn,Turner,0,08/14/1987,3,2,08/29/2009,1,22,1224.68,6,11,5,6,8,5,4,4,3,5
292,02/06/2017 16:12:07,Lillian,Evans,0,02/20/1964,5,3,04/01/1993,3,35,0,7,5,4,9,7,7,0,5,7,9
293,02/06/2017 16:32:46,Harper,Collins,0,09/30/1958,4,1,07/13/1993,2,23.25,2379,8,10,9,6,9,6,8,9,6,6
294,02/06/2017 16:38:46,Victoria,Wright,0,01/04/1960,3,2,09/12/1992,1,15.25,1181,7,4,3,4,8,7,9,6,2,11
295,02/06/2017 17:37:51,Caleb,Hernandez,1,12/14/1988,5,3,03/14/2013,2,26.75,2265,6,7,4,6,8,3,6,4,5,5
296,02/06/2017 18:48:54,Adrian,Davis,1,03/08/1962,5,4,03/21/1986,3,34,3823,6,6,5,3,8,4,3,4,6,9
297,02/07/2017 06:27:19,Parker,Garcia,1,06/04/1975,4,3,03/25/2003,2,34.25,3671,7,7,5,6,10,4,6,4,5,5
298,02/07/2017 07:12:12,Adam,Harris,1,10/12/1972,4,3,07/03/1998,2,25.75,2614,6,4,0,7,6,4,5,2,4,6
299,02/07/2017 07:14:20,Evelyn,Johnson,0,03/03/1991,5,2,02/21/2016,2,33,3970.02,6,5,6,4,6,6,2,4,3,7
300,02/07/2017 08:58:00,Matthew,Perez,1,01/14/1984,3,2,08/22/2014,1,23.5,1442.12,6,5,3,1,5,3,4,4,2, 
301,02/07/2017 10:30:22,Ryan,Turner,1,01/31/1972,4,3,11/22/1998,4,38.5,10765.5,8,9,7,7,10,2,7,7,11,7
302,02/07/2017 10:49:43,Levi,Gonzalez,1,04/20/1966,6,4,10/19/1993,4,46.25,12630.25,8,8,3,0,8,9,9,10,9,8
303,02/07/2017 10:52:09,Parker,Edwards,1,03/31/1974,5,1,04/09/2006,3,41.25,5782,8,7,5,7,10,8,9,8,8,7
304,02/07/2017 11:09:40,Madison,Thomas,0,12/25/1972,5,5,09/27/2013,3,35.25,7018,7,3,4,8,8,6,7,6,5,5
305,02/07/2017 11:53:04,Addison,Hill,0,11/07/1981,2,4,01/28/2009,2,34.5,3733.13,7,7,4,3,7,4,7,7,6,7
306,02/07/2017 12:06:42,Jase,Lewis,1,07/03/1984,4,1,02/18/2005,1,26.25,0,8,6,6,4,7,4,6,8,8,4
307,02/07/2017 13:22:50,Kennedy,Collins,0,07/08/1953,6,2,08/06/1988,3,25,4163.14,8,8,9,8,10,8,7,8,6,9
308,02/07/2017 13:31:35,David,Miller,1,10/14/1970,6,3,09/10/2012,3,30.5,4128,6,8,5,2,6,5,9,3,4,6
309,02/07/2017 13:53:09,Brianna,Rodriguez,0,07/14/1975,5,2,12/05/2001,3,40.75,8068.34,6,5,5,4,8,6,7,5,6,9
310,02/07/2017 14:06:16,Lucas,Hernandez,1,03/26/1985,3,3,07/17/2013,1,32.5,2051.16,5,5,4,4,7,3,5,5,6,6
311,02/07/2017 14:07:29,Katherine,Hill,0,08/06/1972,4,1,10/21/2001,3,34,5438.82,7,7,4,4,7,11,5,7,5,9
312,02/07/2017 14:14:16,Aubree,Moore,0,05/23/1979,5,1,05/06/2014,5,45.75,34104.16,8,8,2,8,9,10,10,9,9,9
313,02/07/2017 14:17:22,Ariana,Davis,0,09/28/1959,4,2,08/29/2002,3,24.5,5234,7,7,5,6,8,8,7,6,4,8
314,02/07/2017 14:29:36,Piper,Rodriguez,0,06/25/1966,4,3,11/07/1996,3,35.25,6081,8,10,10,5,10,10,9,8,8,8
315,02/07/2017 14:52:48,Liam,Phillips,1,11/28/1969,4,2,10/12/1998,5,44.5,22920,8,10,9,4,7,10,6,8,7,5
316,02/07/2017 15:01:34,Serenity,Taylor,0,10/06/1964,5,3,10/07/2006,6,31,3753.71,7,7,4,3,5,8,4,7,5,4
317,02/07/2017 15:38:34,Zachary,Walker,1,02/22/1978,5,1,11/08/2005,2,41.25,2711.2,6,5,5,3,10,7,6,6,5,9
318,02/07/2017 15:40:40,Layla,Lopez,0,07/30/1975,3,2,05/01/2015,1,21,1587,6,2,4,5,7,9,6,5,7,9
319,02/07/2017 16:00:17,Alyssa,Allen,0,03/23/1995,3,2,04/17/2016,1,32,2015,6,2,2,3,9,6,2,4,5,7
320,02/07/2017 16:24:50,Lydia,Davis,0,10/03/1961,3,3,04/18/1982,1,21.75,1659.01,7,8,6,3,8,7,0,5,5,6
321,02/07/2017 17:43:22,Josiah,Adams,1,01/12/1975,6,5,10/08/1998,3,33.5,4801.35,7,3,4,5,8,4,8,5,4,8
322,02/07/2017 19:14:57,Matthew,Hall,1,01/02/1978,6,3,05/14/2013,2,35.75,3818.62,6,8,3,5,6,6,4,5,6,5
323,02/07/2017 20:22:45,Sydney,Lopez,0,12/19/1968,3,4,06/13/1992,1,17.5,1336,6,5,0,5,7,11,6,3,3,7
324,02/08/2017 08:03:09,Lucas,Lewis,1,10/21/1966,5,2,03/15/1996,4,42.5,15022.64,0,9,10,9,9,5,2,8,5,10
325,02/08/2017 09:03:42,Emily,Carter,0,08/29/1962,4,3,11/28/1995,3,33,6177,9,10,10,9,10,5,4,11,6,5
326,02/08/2017 11:30:09,Mackenzie,Collins,0,04/28/1967,5,2,05/31/1988,2,26.5,2750.08,7,4,4,6,10,6,7,6,6,9
327,02/08/2017 11:49:17,Christopher,Hall,1,10/06/1973,4,3,06/09/1999,3,41,9971,5,6,4,7,5,5,11,3,5,8
328,02/08/2017 12:01:45,James,Evans,1,05/04/1985,4,1,11/29/2009,2,33.75,2062,7,5,6,6,9,5,4,5,4,3
329,02/08/2017 12:36:14,Isaiah,Clark,1,08/25/1954,4,2,10/29/1982,3,25.5,5397,8,10,7,7,7,7,6,8,8,7
330,02/08/2017 12:41:15,Mila,Gonzalez,0,11/21/1978,3,3,12/15/2006,1,25,1721,6,3,4,4,5,8,5,5,3,4
331,02/08/2017 13:13:49,Samuel,Edwards,1,09/25/1968,6,1,08/18/2000,6,34,3909.35,6,8,7,3,6,11,6,9,5,4
332,02/08/2017 13:30:16,Kayla,Collins,0,11/25/1968,4,4,08/07/1990,6,33.25,7327,9,7,7,7,10,6,7,8,8,7
333,02/08/2017 13:32:49,Chloe,Clark,0,07/19/1968,5,3,07/31/2005,2,23.75,1757,7,7,5,4,6,8,4,6,7,6
334,02/08/2017 13:56:04,Kylie,Davis,0,09/23/1977,3,2,12/18/2001,2,30.25,2080.58,6,6,2,5,7,5,6,4,8,10
335,02/08/2017 14:06:19,Zoe,Jackson,0,12/16/1966,5,4,12/28/2007,4,30,11373.17,7,8,7,6,10,4,3,4,11,9
336,02/08/2017 14:10:11,Jack,Hernandez,1,11/11/1965,5,2,02/03/2012,5,47.5,28396,7,5,7,6,9,0,6,11,5,9
337,02/08/2017 14:22:25,Nora,Thompson,0,10/13/1978,4,2,06/24/2005,2,27,2905,6,8,5,6,9,8,5,5,5,7
338,02/08/2017 14:28:51,Luke,Martinez,1,04/13/1963,4,2,11/25/2002,2,26.5,3167,6,8,7,4,6,11,2,4,6,6
339,02/08/2017 14:39:03,Eva,Collins,0,10/31/1963,5,1,02/07/1995,2,26,2318.43,6,8,4,8,10,4,7,4,4,7
340,02/08/2017 14:46:37,Samantha,Roberts,0,05/01/1982,6,1,10/19/2013,1,16.5,1067,5,7,8,4,6,4,2,4,2,7
341,02/08/2017 15:00:23,Nicholas,Parker,1,07/10/1968,6,3,01/31/1993,5,43.5,0,8,7,6,5,6,8,8,9,0, 
342,02/08/2017 15:36:47,Jeremiah,Moore,1,04/07/1966,5,3,11/12/1995,3,26.25,3532,6,6,4,5,6,5,9,10,4,6
343,02/08/2017 16:24:42,Daniel,Williams,1,08/27/1956,5,1,05/16/1987,2,27.25,2446,8,10,8,5,10,5,6,7,6,8
344,02/08/2017 16:40:03,Genesis,Harris,0,02/21/1971,5,4,06/22/2000,2,25.25,2686,7,11,0,5,10,4,4,4,8, 
345,02/08/2017 16:54:10,Blake,Hill,1,11/05/1968,5,4,11/12/1993,2,30,2735.62,7,7,5,7,10,5,6,3,5, 
346,02/08/2017 16:54:39,Audrey,Thompson,0,05/07/1979,4,2,01/11/2012,2,34.5,2849.06,6,3,1,4,6,4,2,4,3,3
347,02/08/2017 16:56:54,Levi,Allen,1,01/29/1962,4,4,06/27/1983,1,16.5,1240.37,6,7,8,3,8,3,8,7,0, 
348,02/08/2017 18:09:03,,,0,06/09/1957,4,3,03/16/2002,3,32.5,4911,7,6,5,0,6,3,3,7,4,5
349,02/08/2017 18:09:30,Brooklyn,White,0,12/25/1968,3,1,04/15/2002,3,32.25,5264,8,7,6,6,10,4,7,7,4,9
350,02/08/2017 18:10:23,,,0,03/28/1964,2,2,07/07/2014,2,20.75,1875.75,6,3,3,3,6,5,7,4,6,5
351,02/08/2017 18:22:14,Grace,Roberts,0,08/31/1962,4,2,05/07/1990,3,31,6078,6,8,6,5,9,9,7,8,5,10
352,02/08/2017 19:08:21,Luis,Lee,1,10/20/1994,3,1,03/05/2016,1,33,1771.63,6,3,3,5,7,3,6,4,4,4
353,02/08/2017 19:15:07,Thomas,Hill,1,06/26/1974,5,3,09/17/1999,2,36.75,3709.98,6,4,4,5,10,3,4,3,3,9
354,02/08/2017 19:37:14,Christopher,Hernandez,1,06/25/1965,0,2,05/12/1998,3,36.25,6648.11,7,8,7,5,5,6,4,8,4,8
355,02/09/2017 06:26:24,Nicholas,Jones,1,08/16/1969,6,2,03/23/2006,1,23.75,1723.8,7,6,4,7,9,7,8,6,6,9
356,02/09/2017 07:59:45,Gabriel,Moore,1,11/02/1960,5,4,03/20/1988,4,40.75,17401.71,7,9,7,4,10,7,6,4,6,10
357,02/09/2017 10:41:40,Dominic,Collins,1,01/17/1972,6,4,05/17/2000,2,31,2615.66,7,9,8,4,9,6,8,5,6,9
358,02/09/2017 11:01:08,Cooper,Hernandez,1,04/01/1980,3,2,06/30/2016,1,29.5,2015,8,6,4,5,7,0,5,5,7, 
359,02/09/2017 11:34:56,Sarah,Brown,0,06/21/1968,3,3,05/04/1991,4,42.75,12454,6,9,5,7,7,4,7,3,11,7
360,02/09/2017 11:38:34,Zoe,Baker,0,01/15/1978,3,4,09/09/2014,3,33,4069.84,7,9,5,5,6,9,9,8,6,4
361,02/09/2017 12:26:17,Owen,Moore,1,05/19/1969,6,2,05/29/2007,1,25.75,2010.82,6,10,7,4,5,5,3,3,3,8
362,02/09/2017 13:03:28,Sarah,Campbell,0,03/01/1970,0,2,12/27/1995,3,32,6356,7,7,7,5,8,7,0,6,6,7
363,02/09/2017 13:48:58,Taylor,Thompson,0,02/16/1967,5,2,07/15/2012,4,34.25,7101,5,5,1,3,8,4,6,6,5,8
364,02/09/2017 14:13:35,Luke,White,1,09/10/1958,3,3,05/12/2002,3,38.75,5517.86,6,6,4,6,7,4,3,4,2,6
365,02/09/2017 14:51:09,Julia,Robinson,0,12/28/1959,3,3,10/07/1988,3,32.75,7271.29,6,4,5,6,10,5,4,9,7,9
366,02/09/2017 15:07:00,Christian,Davis,1,02/09/1968,3,3,09/20/1998,2,27.75,2728.05,6,7,6,6,7,6,5,3,4,6
367,02/09/2017 15:23:10,,,1,11/23/1982,2,1,09/20/2003,1,28.5,1822.66,7,6,9,0,7,6,6,7,4,10
368,02/09/2017 15:46:36,,,0,12/16/1971,5,5,05/04/2002,1,29.5,2129.38,6,2,4,2,5,7,6,7,5,5
369,02/09/2017 15:49:42,Tristan,Martin,1,02/09/1974,5,3,11/18/2010,2,34.5,3483.81,7,10,7,3,9,8,6,7,4,9
370,02/09/2017 15:58:31,Gabriella,Lee,0,04/19/1965,4,1,02/14/1991,1,19,1473.71,11,9,8,7,10,8,7,10,4,7
371,02/09/2017 16:25:44,Jaxon,Martinez,1,10/12/1985,4,2,04/19/2007,2,24.5,2054,6,7,5,3,9,6,9,5,5,7
372,02/09/2017 16:44:41,Naomi,Roberts,0,05/12/1975,5,3,02/01/2001,2,36,3802.3,7,7,7,6,7,5,3,4,5,7
373,02/09/2017 17:09:34,Alexis,Robinson,0,05/19/1979,4,3,10/05/2000,2,29.5,3816,6,5,3,4,10,6,7,3,6,8
374,02/09/2017 17:10:30,Caleb,Nelson,1,02/13/1985,5,3,12/31/2006,1,25,1528.88,6,5,5,3,10,7,6,7,2,8
375,02/09/2017 18:52:39,Mia,Wilson,0,05/12/1982,4,1,01/29/2007,2,25,2821,6,7,3,2,5,4,2,6,5,8
376,02/10/2017 09:22:26,Emma,Garcia,0,10/26/1984,4,1,12/31/2011,2,29.5,1991.72,5,4,4,7,6,3,3,3,5,8
377,02/10/2017 10:02:44,Leah,Taylor,0,05/23/1978,0,1,11/28/2008,2,28.25,2883,8,7,9,8,10,3,4,4,5,10
378,02/10/2017 11:11:13,Jason,Wright,1,02/02/1989,5,2,02/19/2016,2,33.5,3814.91,8,8,6,7,9,0,5,4,5,9
379,02/10/2017 12:48:25,Charles,Lewis,1,06/21/1966,6,2,06/26/1996,2,29,3881.32,6,6,8,7,9,7,5,6,4,9
380,02/10/2017 12:54:09,Nora,Clark,0,08/09/1976,0,2,04/29/2007,1,35.25,2583.35,6,6,5,4,5,5,5,4,3,5
381,02/10/2017 13:14:24,Sophie,Martin,0,09/24/1987,3,1,09/22/2015,1,30.5,1938,5,2,4,3,4,2,2,5,5,6
382,02/10/2017 13:43:44,Nicole,Garcia,0,07/07/1960,2,2,01/12/1987,2,19.75,2136.56,7,4,4,0,9,8,5,7,5,9
383,02/10/2017 14:30:12,William,Harris,1,08/30/1974,4,2,01/11/2000,3,35,5505.77,7,7,5,11,7,5,5,9,7,5
384,02/10/2017 15:26:08,Juan,Hernandez,0,12/24/1959,3,2,01/07/2003,4,30.5,10080.7,7,6,4,7,9,9,7,8,7,9
385,02/10/2017 15:39:55,Addison,Turner,0,12/23/1961,6,3,07/11/1993,3,33.75,5631.1,7,5,5,4,6,5,6,6,4,7
386,02/10/2017 16:03:07,Emily,Gonzalez,0,07/28/1964,4,3,08/31/1997,2,36.5,3416,7,7,6,7,7,11,6,4,6,6
387,02/10/2017 16:55:06,Julia,Lopez,0,07/09/1966,5,2,05/09/2015,2,23.5,2434,7,4,6,5,8,11,7,7,7,5
388,02/10/2017 16:58:29,,,1,02/10/1964,3,3,05/18/2002,1,20.75,1593,7,8,0,5,6,6,8,7,7,5
389,02/10/2017 18:13:11,Aubree,Hernandez,0,02/08/1984,3,2,03/05/2013,2,27.75,2900.51,5,6,2,5,7,6,5,4,2,5
390,02/10/2017 19:27:55,Violet,King,0,09/02/1962,6,3,05/14/1988,3,34.25,6269,7,8,6,4,7,6,9,7,5,10
391,02/10/2017 21:26:36,Robert,Walker,1,11/06/1958,5,4,04/07/2000,3,33,4610.53,7,8,6,6,6,7,5,7,4,5
392,02/11/2017 06:47:48,Skylar,Hall,0,07/29/1973,5,5,08/24/2005,1,20.25,1512.86,11,6,11,3,7,6,3,4,6,9
393,02/11/2017 10:21:57,Ian,Williams,1,10/01/1970,4,2,10/19/2004,4,40.75,15810,8,7,8,8,10,0,8,6,6,9
394,02/11/2017 10:27:48,Samantha,Brown,0,03/15/1966,4,5,07/29/1999,3,34.75,6743,6,7,7,5,10,7,7,9,5, 
395,02/11/2017 10:55:28,Nolan,Johnson,1,12/17/1978,3,2,10/03/2002,2,35,2683,7,2,2,6,7,9,7,10,7,10
396,02/11/2017 11:11:28,Ariana,Edwards,0,04/23/1967,4,1,01/30/1994,4,37.5,16950.62,8,7,6,5,10,7,6,8,3,8
397,02/11/2017 12:04:26,Joshua,Hernandez,1,09/21/1958,6,3,12/30/1992,1,27,2068,5,3,2,5,5,8,4,8,3,5
398,02/11/2017 12:20:29,Jayden,Smith,1,08/11/1972,4,2,09/11/2008,1,23,1640,5,7,7,4,6,7,5,5,3,9
399,02/11/2017 12:22:50,Jose,Allen,1,11/18/1963,5,5,07/10/1994,2,28.75,2323,9,9,9,7,10,9,10,9,8,9
400,02/11/2017 12:31:59,Robert,Taylor,1,08/29/1959,6,2,11/05/1983,4,34.25,9160.49,11,0,2,2,10,0,2,5,4,6
401,02/11/2017 12:36:13,Arianna,Hill,0,10/07/1976,5,5,06/13/2009,2,36.75,3851.93,5,3,2,4,6,4,5,5,3,5
402,02/11/2017 13:20:56,Noah,Campbell,1,03/31/1967,5,1,03/12/2012,1,26.75,2065.28,11,0,2,2,6,6,7,3,5,4
403,02/11/2017 13:32:45,,,1,04/02/1978,5,4,02/09/2016,1,25.25,1731.67,6,2,1,5,8,2,2,3,5,6
404,02/11/2017 13:41:23,Damian,Martin,1,05/22/1961,3,2,08/05/1996,6,40.75,6147,8,7,8,7,8,7,6,8,8,8
405,02/11/2017 13:49:41,Kayla,Turner,0,12/27/1961,6,3,02/14/2000,4,28.5,10877.54,8,9,9,8,9,3,5,11,5,7
406,02/11/2017 13:55:39,Stella,Nelson,0,10/27/1978,3,3,02/08/2002,2,29.75,2705,8,5,2,5,9,8,8,8,8,8
407,02/11/2017 13:56:15,Ayden,Johnson,1,02/08/1978,5,2,07/19/2003,6,28,1977.72,5,3,6,4,4,4,6,9,3,4
408,02/11/2017 14:06:40,Caleb,Lee,1,01/02/1964,4,3,03/07/2009,3,41,8094.83,6,5,5,4,8,4,8,4,4,6
409,02/11/2017 14:33:23,Camden,Rodriguez,1,09/20/1972,5,1,01/29/2005,3,35.5,5330.39,6,6,5,5,5,4,4,8,4,8
410,02/11/2017 14:37:16,Jeremiah,King,1,05/23/1967,6,3,03/25/2006,3,34.25,5804.48,7,3,4,5,8,7,6,8,7,9
411,02/11/2017 15:28:29,Lillian,Miller,0,10/04/1964,4,2,01/14/2004,3,30,5247.64,0,0,0,0,0,0,0,0,0, 
412,02/11/2017 15:30:59,,,0,03/23/1960,5,2,07/10/1992,5,43.5,25126,8,8,8,11,9,9,10,8,7,9
413,02/11/2017 15:40:42,Brooklyn,Mitchell,0,09/12/1973,4,3,06/11/1996,2,27,2234,8,8,5,6,10,8,7,9,6,7
414,02/11/2017 18:59:10,Genesis,Evans,0,09/04/1968,4,1,12/31/2002,4,43,17368.6,7,10,6,4,10,7,6,8,5,7
415,02/11/2017 19:19:26,Nicholas,Mitchell,1,01/28/1956,7,5,01/19/1991,3,36.25,5935.85,7,5,4,4,8,11,7,8,4,6
416,02/11/2017 20:18:36,Avery,Mitchell,0,09/24/1980,2,1,10/06/2003,1,26,1715.46,6,6,4,5,9,11,6,5,4,6
417,02/11/2017 20:37:06,Sophie,Lee,0,07/29/1961,5,3,05/14/2008,3,30.5,5449,5,6,3,5,7,6,5,6,3,6
418,02/12/2017 03:28:14,Gabriel,Wilson,1,10/15/1975,6,2,10/12/2004,1,28.5,1887.05,6,6,3,8,9,7,5,8,6,8
419,02/12/2017 09:34:53,Sofia,Wright,0,01/21/1975,6,1,09/16/2016,1,28.25,1838.6,6,7,6,5,7,6,9,5,3,10
420,02/12/2017 10:42:38,Christopher,Wright,1,04/09/1968,6,2,09/06/1996,3,40.25,5526,7,10,10,4,7,8,9,6,5,10
421,02/12/2017 11:51:43,Kaylee,Thomas,0,09/06/1974,5,1,08/07/2006,1,23,1799.64,6,7,4,4,9,0,3,3,3,9
422,02/12/2017 12:29:05,Connor,Perez,1,03/31/1970,5,4,10/09/1991,2,33.25,2357.02,6,8,4,7,10,4,5,6,6,7
423,02/12/2017 12:45:18,Charles,Parker,1,09/07/1973,5,1,03/16/2014,3,34.75,5549,6,8,5,6,6,3,6,6,5,4
424,02/12/2017 14:45:30,Noah,White,1,12/31/1970,5,2,02/04/1996,1,32.25,2255.87,5,9,5,11,8,5,3,5,3, 
425,02/12/2017 16:26:43,Ashley,Roberts,0,05/03/1968,4,4,11/14/1999,1,23,1757.75,7,3,2,6,8,3,4,6,6,5
426,02/12/2017 16:50:50,Leah,Rodriguez,0,02/19/1962,4,2,04/10/1992,1,19.25,1531,6,6,2,4,4,6,4,5,7,4
427,02/12/2017 17:36:46,Morgan,Garcia,0,08/26/1963,5,4,02/05/2002,2,29.5,2870.82,7,10,8,7,7,9,10,11,6,5
428,02/12/2017 20:12:49,Skylar,Williams,0,09/27/1978,3,3,06/28/2003,1,28.25,1842.2,6,7,8,7,7,4,6,4,6,7
429,02/13/2017 07:46:52,Nevaeh,Baker,0,11/15/1966,5,4,06/01/2005,2,26.25,3111.55,6,6,0,3,8,8,8,8,3,5
430,02/13/2017 07:55:59,Zoe,King,0,11/09/1972,3,5,10/21/2008,1,18.75,1328.34,7,8,7,2,5,3,6,6,6,5
431,02/13/2017 08:40:53,Brooklyn,Martin,0,10/21/1971,6,1,06/07/1998,3,36,5080.01,11,4,4,5,8,7,7,6,8,5
432,02/13/2017 13:06:21,Bella,Carter,0,12/17/1964,7,2,12/31/1997,2,28.25,3553,7,3,7,3,7,7,7,6,8,7
433,02/13/2017 13:15:01,Aaliyah,Thompson,0,12/04/1991,5,2,06/20/2016,3,40.5,5873.77,6,4,2,4,8,6,7,8,4,5
434,02/13/2017 14:56:38,Brody,Martin,1,12/02/1952,3,3,09/04/1983,1,23.25,1820,7,11,3,3,9,5,7,5,3,6
435,02/13/2017 15:28:22,Sydney,Carter,0,05/31/1968,4,3,03/25/1998,3,28.5,8426,6,6,3,11,9,8,4,5,4,7
436,02/13/2017 16:31:58,Aaron,Taylor,1,12/26/1970,5,2,10/19/2000,3,34,5263.07,7,5,0,4,7,8,9,10,5,10
437,02/13/2017 16:58:09,Luis,Brown,1,12/18/1967,5,3,06/01/1994,2,29,3246.13,7,6,4,7,10,5,0,11,6,5
438,02/14/2017 11:10:39,Kayden,Hill,1,12/17/1974,4,3,11/25/2007,2,27,2581,6,9,7,0,10,7,11,11,5,9
439,02/14/2017 11:38:29,Henry,Rodriguez,1,08/25/1969,4,2,06/11/2003,1,22,1615.07,5,3,3,6,6,3,6,3,3,5
440,02/14/2017 13:02:53,Natalie,Garcia,0,04/05/1975,0,2,05/05/2001,2,32,2617.26,7,3,4,6,7,9,9,9,6,9
441,02/14/2017 13:15:54,Arianna,Phillips,0,07/09/1968,5,5,04/03/1996,1,20.5,1682.39,7,6,2,7,9,9,9,8,6,5
442,02/14/2017 15:09:25,Nicole,Johnson,0,09/19/1966,6,2,03/15/2001,3,24.75,4282,6,4,3,3,9,2,6,3,3,4
443,02/14/2017 15:49:19,Alexa,Clark,0,06/29/1966,4,3,09/17/2004,4,37.5,13025.64,6,7,7,3,6,5,5,6,5, 
444,02/15/2017 14:13:18,Mila,Hill,0,03/12/1982,4,2,05/30/2012,3,32,9999999,7,7,6,5,10,4,7,5,6,7
445,02/15/2017 14:15:53,Victoria,Johnson,0,09/09/1961,5,4,01/29/1988,1,18.75,1430.38,7,5,4,8,10,6,7,8,3,8
446,02/15/2017 14:40:30,Lydia,Adams,0,12/12/1962,4,3,03/03/1984,2,20.25,1600,6,4,4,5,7,6,7,5,6,5
447,02/15/2017 16:58:28,Andrew,White,1,03/01/1967,3,3,01/01/1995,2,29,2255,7,4,4,4,10,8,9,9,6,10
448,02/16/2017 09:17:00,Luke,Wilson,1,11/14/1972,5,4,10/12/2011,1,33,2163.22,8,3,3,3,8,5,5,4,8, 
449,02/16/2017 12:51:09,Damian,Garcia,1,05/20/1964,5,3,11/02/1984,1,24.75,1964,7,3,4,4,9,5,6,8,4,6
450,02/16/2017 12:59:00,Madeline,Lewis,0,01/11/1976,4,3,08/20/2011,1,32.75,2502.94,0,0,0,0,0,0,0,0,0, 
451,02/16/2017 13:53:01,Bella,Baker,0,09/11/1953,5,4,12/29/1982,3,21.5,3935.47,7,4,7,3,7,7,6,6,6,7
452,02/16/2017 14:18:14,Alexis,Phillips,0,03/22/1955,4,2,11/28/1982,2,28.5,3022,7,9,3,3,10,4,7,8,1,9
453,02/16/2017 14:34:36,Lauren,Parker,0,02/17/1952,4,3,06/06/1977,6,14.75,1194.25,5,4,5,11,0,8,4,5,3,10
454,02/17/2017 15:40:55,Makayla,Mitchell,0,10/25/1962,5,2,08/20/1987,2,24.25,2330.1,7,6,9,4,8,7,7,5,5,9
455,02/18/2017 11:42:20,Jaxson,Campbell,1,12/16/1964,4,5,05/28/1995,3,35.25,5291,7,5,6,6,10,7,5,5,3,8
456,02/18/2017 13:23:13,Lucy,Williams,0,02/26/1968,5,1,09/06/2015,3,23.75,2467.72,7,10,4,0,7,7,8,6,5,6
457,02/18/2017 16:14:54,Elizabeth,Jones,0,04/30/1961,5,1,05/28/1996,4,35.25,15709.12,8,6,8,6,9,8,7,7,6,9
458,02/19/2017 14:04:14,Leah,Brown,0,11/02/1975,5,2,09/24/1998,2,24,2796,8,5,0,4,9,10,10,9,6,8
459,02/19/2017 15:41:01,Landon,Parker,1,11/24/1961,6,4,09/28/1995,3,27.25,4943.87,7,9,10,6,9,5,2,7,8,9
460,02/20/2017 12:24:21,Jaxson,Hall,1,03/26/1966,6,1,04/25/1986,5,45,28381,6,5,3,8,7,8,6,10,4,9
461,02/20/2017 14:10:51,Charlotte,Allen,0,07/22/1963,6,3,10/06/2005,6,0,12170,8,8,3,5,9,11,6,7,6,8
462,02/20/2017 16:06:36,Luke,Mitchell,1,07/06/1973,6,4,09/16/1999,2,28.25,2914.29,6,3,5,8,7,4,6,4,6,8
463,02/21/2017 13:39:35,Bella,Smith,0,01/14/1955,4,3,07/10/1988,3,23.75,6289,7,5,4,8,10,7,8,10,5,8
464,02/21/2017 19:11:11,Brandon,Evans,1,01/31/1962,6,2,10/15/2005,5,45.5,25809.25,7,10,5,3,7,8,6,5,3,7